﻿<?xml version="1.0" encoding="UTF-8" standalone="yes"?>

<addon id="repository.miscrepo2" name="Misc Repo 2" version="1.0.0" provider-name="misc123">
    <extension point="xbmc.addon.repository" name="Misc Repo 2">
        <dir minversion="20.1.0">
            <info compressed="false">https://raw.githubusercontent.com/misc123/miscrepo2/master/addons.xml</info>    
            <checksum>https://raw.githubusercontent.com/misc123/miscrepo2/master/addons.xml.md5</checksum>
            <datadir zip="true">https://raw.githubusercontent.com/misc123/miscrepo2/master</datadir>
            <hashes>false</hashes>
        </dir>
    </extension>
    <extension point="xbmc.addon.metadata">
        <summary>Misc Repo 2</summary>
        <description>For Kodi 20.1</description>
        <disclaimer></disclaimer>
        <platform>all</platform>
        <assets>
            <icon>icon.png</icon>
            <fanart>fanart.jpg</fanart>
        </assets>
    </extension>
</addon>